-- phpMyAdmin SQL Dump
-- version 3.3.3
-- http://www.phpmyadmin.net
--
-- Host: localhost
-- Generation Time: May 30, 2014 at 10:03 AM
-- Server version: 5.5.6
-- PHP Version: 5.2.17-0.dotdeb.0

SET SQL_MODE="NO_AUTO_VALUE_ON_ZERO";


/*!40101 SET @OLD_CHARACTER_SET_CLIENT=@@CHARACTER_SET_CLIENT */;
/*!40101 SET @OLD_CHARACTER_SET_RESULTS=@@CHARACTER_SET_RESULTS */;
/*!40101 SET @OLD_COLLATION_CONNECTION=@@COLLATION_CONNECTION */;
/*!40101 SET NAMES utf8 */;

--
-- Database: `yas`
--

-- --------------------------------------------------------

--
-- Table structure for table `article`
--

CREATE TABLE IF NOT EXISTS `article` (
  `id` int(11) NOT NULL AUTO_INCREMENT,
  `parent_id` int(11) DEFAULT NULL,
  `language_id` int(11) DEFAULT NULL,
  `user_id` int(11) DEFAULT NULL,
  `resource_id` int(11) DEFAULT NULL,
  `vote_id` int(11) DEFAULT NULL,
  `title` varchar(100) COLLATE utf8_unicode_ci NOT NULL,
  `slug` varchar(100) COLLATE utf8_unicode_ci NOT NULL,
  `intro_text` longtext COLLATE utf8_unicode_ci,
  `full_text` longtext COLLATE utf8_unicode_ci,
  `created` datetime DEFAULT NULL,
  `allow_comments` tinyint(1) DEFAULT NULL,
  `view_count` int(11) NOT NULL,
  `layout` varchar(255) COLLATE utf8_unicode_ci DEFAULT NULL,
  PRIMARY KEY (`id`),
  UNIQUE KEY `UNIQ_23A0E6672DCDAFC` (`vote_id`),
  KEY `IDX_23A0E66727ACA70` (`parent_id`),
  KEY `IDX_23A0E6682F1BAF4` (`language_id`),
  KEY `IDX_23A0E66A76ED395` (`user_id`),
  KEY `IDX_23A0E6689329D25` (`resource_id`)
) ENGINE=InnoDB DEFAULT CHARSET=utf8 COLLATE=utf8_unicode_ci AUTO_INCREMENT=1 ;

--
-- Dumping data for table `article`
--


-- --------------------------------------------------------

--
-- Table structure for table `articles_categories`
--

CREATE TABLE IF NOT EXISTS `articles_categories` (
  `article_id` int(11) NOT NULL,
  `category_id` int(11) NOT NULL,
  PRIMARY KEY (`article_id`,`category_id`),
  KEY `IDX_DE004A0E7294869C` (`article_id`),
  KEY `IDX_DE004A0E12469DE2` (`category_id`)
) ENGINE=InnoDB DEFAULT CHARSET=utf8 COLLATE=utf8_unicode_ci;

--
-- Dumping data for table `articles_categories`
--


-- --------------------------------------------------------

--
-- Table structure for table `category`
--

CREATE TABLE IF NOT EXISTS `category` (
  `id` int(11) NOT NULL AUTO_INCREMENT,
  `user_id` int(11) DEFAULT NULL,
  `name` varchar(100) COLLATE utf8_unicode_ci NOT NULL,
  PRIMARY KEY (`id`),
  KEY `IDX_64C19C1A76ED395` (`user_id`)
) ENGINE=InnoDB  DEFAULT CHARSET=utf8 COLLATE=utf8_unicode_ci AUTO_INCREMENT=2 ;

--
-- Dumping data for table `category`
--

INSERT INTO `category` (`id`, `user_id`, `name`) VALUES
(1, NULL, 'Programming');

-- --------------------------------------------------------

--
-- Table structure for table `comment`
--

CREATE TABLE IF NOT EXISTS `comment` (
  `id` int(11) NOT NULL AUTO_INCREMENT,
  `language_id` int(11) DEFAULT NULL,
  `user_id` int(11) DEFAULT NULL,
  `article_id` int(11) DEFAULT NULL,
  `title` varchar(100) COLLATE utf8_unicode_ci NOT NULL,
  `text` longtext COLLATE utf8_unicode_ci,
  `created` datetime DEFAULT NULL,
  PRIMARY KEY (`id`),
  KEY `IDX_9474526C82F1BAF4` (`language_id`),
  KEY `IDX_9474526CA76ED395` (`user_id`),
  KEY `IDX_9474526C7294869C` (`article_id`)
) ENGINE=InnoDB DEFAULT CHARSET=utf8 COLLATE=utf8_unicode_ci AUTO_INCREMENT=1 ;

--
-- Dumping data for table `comment`
--


-- --------------------------------------------------------

--
-- Table structure for table `employment`
--

CREATE TABLE IF NOT EXISTS `employment` (
  `id` int(10) unsigned NOT NULL AUTO_INCREMENT,
  `employment` varchar(20) NOT NULL DEFAULT '',
  `class` varchar(50) NOT NULL,
  PRIMARY KEY (`id`),
  KEY `employment` (`employment`)
) ENGINE=InnoDB  DEFAULT CHARSET=utf8 AUTO_INCREMENT=3 ;

--
-- Dumping data for table `employment`
--

INSERT INTO `employment` (`id`, `employment`, `class`) VALUES
(1, 'buzy', 'btn-danger'),
(2, 'free', 'btn-success');

-- --------------------------------------------------------

--
-- Table structure for table `friends`
--

CREATE TABLE IF NOT EXISTS `friends` (
  `user_id` int(11) NOT NULL,
  `friend_id` int(11) NOT NULL,
  PRIMARY KEY (`user_id`,`friend_id`),
  KEY `IDX_21EE7069A76ED395` (`user_id`),
  KEY `IDX_21EE70696A5458E8` (`friend_id`)
) ENGINE=InnoDB DEFAULT CHARSET=utf8 COLLATE=utf8_unicode_ci;

--
-- Dumping data for table `friends`
--


-- --------------------------------------------------------

--
-- Table structure for table `language`
--

CREATE TABLE IF NOT EXISTS `language` (
  `id` int(11) NOT NULL AUTO_INCREMENT,
  `name` varchar(15) COLLATE utf8_unicode_ci NOT NULL,
  `abbreviation` varchar(10) COLLATE utf8_unicode_ci NOT NULL,
  PRIMARY KEY (`id`)
) ENGINE=InnoDB  DEFAULT CHARSET=utf8 COLLATE=utf8_unicode_ci AUTO_INCREMENT=8 ;

--
-- Dumping data for table `language`
--

INSERT INTO `language` (`id`, `name`, `abbreviation`) VALUES
(1, 'English', 'en'),
(2, 'Français', 'fr'),
(3, 'Deutsch', 'de'),
(4, 'Español', 'es'),
(5, 'Italiano', 'it'),
(6, 'Български', 'bg'),
(7, 'Русский', 'ru');

-- --------------------------------------------------------

--
-- Table structure for table `offer`
--

CREATE TABLE IF NOT EXISTS `offer` (
  `id` int(10) unsigned NOT NULL AUTO_INCREMENT,
  `user_id` int(10) unsigned NOT NULL,
  `project_id` int(10) unsigned NOT NULL,
  `offer_state_id` int(10) unsigned NOT NULL DEFAULT '1',
  `resume` varchar(255) DEFAULT NULL,
  `start_date` date DEFAULT NULL,
  `finish_date` date DEFAULT NULL,
  `registration_date` date DEFAULT NULL,
  `role` varchar(100) DEFAULT NULL,
  PRIMARY KEY (`id`),
  UNIQUE KEY `user_id` (`user_id`,`project_id`),
  KEY `project_id` (`project_id`),
  KEY `offer_state_id` (`offer_state_id`),
  KEY `resume` (`resume`),
  KEY `start_date` (`start_date`),
  KEY `finish_date` (`finish_date`),
  KEY `register_date` (`registration_date`),
  KEY `role` (`role`),
  KEY `user_id_2` (`user_id`)
) ENGINE=InnoDB  DEFAULT CHARSET=utf8 AUTO_INCREMENT=2 ;

--
-- Dumping data for table `offer`
--

INSERT INTO `offer` (`id`, `user_id`, `project_id`, `offer_state_id`, `resume`, `start_date`, `finish_date`, `registration_date`, `role`) VALUES
(1, 1, 1, 2, 'some resume', '2014-05-29', '2014-05-30', '2014-05-28', 'boss');

-- --------------------------------------------------------

--
-- Table structure for table `offer_state`
--

CREATE TABLE IF NOT EXISTS `offer_state` (
  `id` int(10) NOT NULL AUTO_INCREMENT,
  `state` varchar(50) NOT NULL,
  PRIMARY KEY (`id`),
  KEY `name` (`state`)
) ENGINE=InnoDB  DEFAULT CHARSET=utf8 AUTO_INCREMENT=3 ;

--
-- Dumping data for table `offer_state`
--

INSERT INTO `offer_state` (`id`, `state`) VALUES
(2, 'Approved'),
(1, 'Not Approved');

-- --------------------------------------------------------

--
-- Table structure for table `offer_tag`
--

CREATE TABLE IF NOT EXISTS `offer_tag` (
  `id` int(10) unsigned NOT NULL AUTO_INCREMENT,
  `offer_id` int(10) unsigned NOT NULL,
  `tag_id` int(10) unsigned NOT NULL,
  PRIMARY KEY (`id`),
  UNIQUE KEY `offer_id_2` (`offer_id`,`tag_id`),
  KEY `offer_id` (`offer_id`),
  KEY `tag_id` (`tag_id`)
) ENGINE=InnoDB  DEFAULT CHARSET=utf8 AUTO_INCREMENT=5 ;

--
-- Dumping data for table `offer_tag`
--

INSERT INTO `offer_tag` (`id`, `offer_id`, `tag_id`) VALUES
(3, 1, 2),
(1, 1, 5),
(2, 1, 6),
(4, 1, 8);

-- --------------------------------------------------------

--
-- Table structure for table `privilege`
--

CREATE TABLE IF NOT EXISTS `privilege` (
  `id` int(11) NOT NULL AUTO_INCREMENT,
  `resource_id` int(11) DEFAULT NULL,
  `role_id` int(11) NOT NULL,
  `name` varchar(100) COLLATE utf8_unicode_ci DEFAULT NULL,
  `permission_allow` tinyint(1) NOT NULL,
  PRIMARY KEY (`id`),
  KEY `IDX_87209A8789329D25` (`resource_id`),
  KEY `IDX_87209A87D60322AC` (`role_id`)
) ENGINE=InnoDB  DEFAULT CHARSET=utf8 COLLATE=utf8_unicode_ci AUTO_INCREMENT=31 ;

--
-- Dumping data for table `privilege`
--

INSERT INTO `privilege` (`id`, `resource_id`, `role_id`, `name`, `permission_allow`) VALUES
(1, 5, 1, 'index', 1),
(2, 7, 1, 'index', 1),
(3, 7, 2, 'changePassword', 1),
(4, 7, 2, 'editProfile', 1),
(5, 7, 2, 'changeEmail', 1),
(6, 7, 1, 'forgottenPassword', 1),
(7, 7, 1, 'confirmEmail', 1),
(8, 7, 1, 'registrationSuccess', 1),
(9, 6, 1, 'login', 1),
(10, 6, 2, 'logout', 1),
(11, 6, 1, 'index', 1),
(12, 8, 1, NULL, 1),
(13, 9, 1, 'view', 1),
(14, 9, 2, 'vote', 1),
(15, 9, 3, 'index', 1),
(16, 9, 3, 'add', 1),
(17, 9, 3, 'edit', 1),
(18, 9, 3, 'delete', 1),
(19, 10, 3, NULL, 1),
(20, 11, 2, NULL, 1),
(21, 12, 3, NULL, 1),
(22, 13, 2, NULL, 1),
(23, 14, 2, 'uri', 1),
(24, 15, 1, 'index', 1),
(25, 1, 1, 'view', 1),
(26, 2, 1, 'view', 1),
(27, 3, 2, 'view', 1),
(28, 4, 3, 'view', 1),
(29, 6, 2, 'login', 0),
(30, 7, 2, 'index', 0);

-- --------------------------------------------------------

--
-- Table structure for table `projects`
--

CREATE TABLE IF NOT EXISTS `projects` (
  `id` int(11) NOT NULL AUTO_INCREMENT,
  `header` varchar(255) CHARACTER SET utf8 NOT NULL,
  `description` varchar(1024) CHARACTER SET utf8 NOT NULL,
  `outer_id` int(11) NOT NULL,
  `url` varchar(1024) NOT NULL,
  PRIMARY KEY (`id`),
  KEY `url` (`url`(767))
) ENGINE=InnoDB  DEFAULT CHARSET=latin1 AUTO_INCREMENT=57 ;

--
-- Dumping data for table `projects`
--

INSERT INTO `projects` (`id`, `header`, `description`, `outer_id`, `url`) VALUES
(1, 'Система для обліку підписів, які збираються для створення територіальної громади. ', 'Всі розуміють, що для успіху Україні недостатньо змінити керівництво. Треба змінити систему. Проте мало хто знає, як її змінити. Ми знаємо.<br/><br/>Відповідно до ст. 5 Конституції України, носієм суверенітету і єдиним джерелом влади в Україні є народ. Народ здійснює владу безпосередньо і через органи державної влади та органи місцевого самоврядування. Право визначати і змінювати конституційний лад в Україні належить виключно народові і не може бути узурповане державою, її органами або посадовими особами.<br/><br/>Відповідно до ст. 140 Конституції України, місцеве самоврядування є правом територіальної громади самостійно вирішувати питання місцевого значення в межах Конституції і законів України.<br/><br/>Отже все, що нам треба, це гарантувати, щоб територіальна громада набула свого конституційного права. А для цього потрібно шляхом загальних зборів утворити територіальну громаду як юридичну особи публічного права власності, яка набуде прав власності на комунальне майно на його території.<br/><br/>Така терито', 439150, 'http://ideas.it-krayina.org.ua/topic/439150-'),
(2, 'Електронна школа', 'Опис:<br/>Об''єднуе, електронний щоденник, електронний табель, електронний шкільний журнал, електронну бібліотеку та електронну книжку.<br/>Електронна кольорова книжка для школярів (на основі електронних чорнил). Яка буде запрограмована під школу. Тобто розклад уроків , перерв та інших заходів, з синхронизацією. На кожному уроці буде доступний підручник по відповідному предмету. Вчитель може проставляти домашні звадання, і учень матиме можливість їх побачити. Також при виконанні завдання матиме відповідний статус. Книжка буде об''єднана с щоденником, та синхронизуватимеся з табелем та шкільним журналом.<br/>Також за допомогую цього девайсу можна "ходити" по електронним бібліотекам, та друкувати паперові сторінки, або просто брати книги для читання на літніх канікулах.<br/>Плюси:<br/>- Не потрібно виготовляти та друкувати багато коштовних паперових книжок.<br/>- Зменшить фізичне навантаження на школярів, оскільки вже не потрібно носити важкий рюкзак.<br/>- Зменшення вирубки лісів.<br/>Можливі мінуси:<br/>- Можли', 437762, 'http://ideas.it-krayina.org.ua/topic/437762-'),
(3, 'Open Data / Открытые данные', '<div><strong>Опис</strong><br/><br/>Потрібен єдиний ресурс публикації державних даних.<br/><br/>При відсутності єдиного ресурсу, державні дані доступні частково, в різноманітних форматах та за тривалою процедурою отримання, що ускладнює їх обробку.<br/><br/>Відкриті дані — це концепція, за якою державні дані мають бути вільними для використання та розповсюдження будь-якою особою, за умов дотримання правил атрибуції та/або share-alike ліцензії.<br/><br/><strong>Функції</strong><br/><br/>Ресурс должен обеспечить:<br/>- единый машиночитаемый формат государственных данных Украины<br/>- программный интерфейс (API) доступа к государственным данным<br/><br/><strong>Приклади<br/><br/><ul><li><strong><a href="http://data.gov.uk/">http://data.gov.uk/</a></strong></li><li><strong><a href="http://www.data.gov/">http://www.data.gov/</a></strong></li></ul><br/></strong><strong>Що вже зроблено</strong><br/></div><br/><ul><li><a href="https://drive.google.com/#folders/0B-QS0QqFi6nrYXkxOWFpQ3NpR0U">Публичная папка на google d', 433770, 'http://ideas.it-krayina.org.ua/topic/433770-'),
(4, 'Пруфопедія - вся доказова база патріота на одному сайті', '<strong>Опис</strong>: <br/>вебсайт - агрегатор посилань на найбільш важливі та перевірені джерела інформації та документи з найгостріших та найактуальніших тем та питань із життя України.<br/><br/><strong>Функції</strong>: \n<br/><ul><li>створення "живого" довідника у формі коротких, зрозумілих підбірок інформації, документів, посилань на найбільш актульні питання сьогодення країни. Стаття з кожної теми має містити лише мінімум тексту, в якому надаватиместь короткий опис змісту посилань, а не розгорнутий виклад самої теми (як у Вікі). Акцент робитиметься на виділенні окремих фактів та тез, кожна з яких підтверджуватиметься одним або низкою посилань. Посилання повинні містити тільки важливу та перевірену інформацію.</li><li>постійний збір, модерування та додавання нових посилань на важливі теми.</li><li>створення зацікавленої активної спільноти редакторів та дописувачів ресурсу.</li><li>створення широкої аргументаційної бази для можливості подальшого посилання на статті ресурсу як на перевірений і вагомий дока', 428048, 'http://ideas.it-krayina.org.ua/topic/428048-'),
(5, 'Біржа послуг та потрібних речей. ', 'Місце, де можна знайти або запропонувати: А) послуги, які людина може надати взамін за іншу послугу (бебісіттерство за сантехніка) і Б) речі, які людина може тимчасово позичити іншій (напр. фотоапарат, чи дитяче автокрісло). Суть в  тому, що багато хто має речі, якими не часто користається, тож поділившись ними, інша людина може подібні речі не купувати. Для того, щоби не було шахрайств і з метою безпеки, зробити систему реєстрації учасників, як це практикується на прикладі сервісу автостопу <a href="http://www.blablacar.pl/ та">http://www.blablacar.pl/ та</a> онлайн-кредитування http://www.monetto.pl/', 427960, 'http://ideas.it-krayina.org.ua/topic/427960-'),
(6, 'АНАЛІТИЧНИЙ МЕДІА-ЦЕНТР', '<ul><li>Завдання: <ul><li>Заповнення аналітичного вакууму в інформаційному просторі країни шляхом генерації і публікації адекватних відповідей на воєнні, економічні, політичні і культурні виклики часу із застосуванням інтелектуального потенціалу країни.</li></ul></li></ul><br/><ul><li>Методи реалізації: <ul><li>Щовечора з 20:00 до 23:00, за підсумками дня, в студії зустрічаються науковці, аналітики і профільні експерти для аналізу поточних подій в Україні, пошуку потенційних шляхів розвитку і синтезу відповідних висновків.</li><li>Ведеться онлайн-обговорення ефіру.</li><li>В результаті кожної зустрічі формуються фахові письмові рекомендації відповідним органам влади, самоврядування і громадянським інститутам.</li><li>Трансляція ведеться за допомогою безкоштовного каналу YouTube.</li><li>Ефір анонсується в соціальних медіа.</li></ul></li></ul><br/><ul><li>Очікувані результати:<ul><li>Підвищення ефективності роботи органів державного управління і об’єднань громадянського суспільства.</li><li>Підвищення активнос', 426631, 'http://ideas.it-krayina.org.ua/topic/426631-'),
(7, 'WEB ARMY', 'Назріло питання створення інтернет армії для атакування Россійских інтернет ресурсів (міністерства, фондові ринки, системи управління цивільними та військовими інфраструктурами, системи комунікацій, енергопостачання, навігації, блокування каналів управління супутників, тощо)<br/>засади:<br/>1 відкритість цілей атаки<br/>2 можливість вибору цілі з переліка для учасників проекту<br/>3 база відкритого софтверу для формування добровільного ботнету<br/>4 анонімність учасників<br/>', 425012, 'http://ideas.it-krayina.org.ua/topic/425012-'),
(8, 'Демонополізація', '1 Ліквідувати НКРЕ з усіма її маразматичними правилами та постановами, дана комісія перетворила питання банальної купівлі/продажу в процедуру "не підмажеш не поїдеш" єлектроенергія це такий самий товар як і все інше! (для тих хто прагне зрозуміти розмах маразмів НКРЕ,пропоную в любому їх документі зробити автозаміну слів: "електроенергія" на "інтернет"<br/>2 Електроенергію повинні продавати електростанції а не електромережі, тоді в покупця буде вибір а на ринку здорова конкуренція<br/><br/>', 424771, 'http://ideas.it-krayina.org.ua/topic/424771-'),
(9, 'Зміни в оподаткуванні проти зарплат в конвертах', 'Фонд заробітної плати не повинен оподатковуватись! натомість встановити:<br/>1 Стягувати податок безпосередньо з працівника ( впроваджується елементарно через автоматичне списання у банку % при надходженні грошей на картку від працедавця)<br/>2 Скасувати обов''язковий платіж за приватного підприємця (+/- 700 грн)<br/>3 Ліквідувати поняття фізична особа, кожен громадянин по факту має мати права приватного підприємця, та самостійно сплачувати податок з прибутку (зарплати)<br/>4 Відносини Працедавець/працівник перевести в площину фірма/фірма<br/>5 Скоротити кількість податків (розподіл податків по фондах це головний біль податківця а не підприємця! як кажуть ось вам % з прибутку і самі мастіть голову як їх по полицях їх рознести) <br/>', 424767, 'http://ideas.it-krayina.org.ua/topic/424767-'),
(10, 'Для податківців, прокуратури, СБУ, пенсійного фонду та ІТ громади', 'Провести моніторинг ринку праці і чорних зарплат в Україні шукаємо вакансій типу: <br/>Потрібен виконавчий директор зарплата 1500 грн/міс.<br/>Те що буде робити з такими спритниками прокуратура має стати прикладом для інших любителів налу<br/>', 424763, 'http://ideas.it-krayina.org.ua/topic/424763-'),
(11, 'Для Міністерства енергетики на час окупації Криму', 'Розєднати енергосистеми України та Россії<br/>', 424760, 'http://ideas.it-krayina.org.ua/topic/424760-'),
(12, 'Для нацбанку на час окупації Криму', '1 Заборонити проводити експрнті операції в рублях на користь гривні або інших валют<br/>2 Зупинити купівлю рубля в населення залишити лише продаж<br/>3 Зупинити торгівлю рублем на міжбанку<br/>4 Зупинити зовнішні перекази в рублях на Україну<br/>', 424759, 'http://ideas.it-krayina.org.ua/topic/424759-'),
(13, 'Кожна вільна людина має право на самозахист а не чикати коли їй це дозволить влада  ', 'Креслення Liberator:  <a href="http://www.fourwinds10.net/siterun_data/government/us_constitution/gun_control/guns/news.php?q=1368153554">http://www.fourwinds10.net/siterun_data/government/us_constitution/gun_control/guns/news.php?q=1368153554</a><br/>', 424757, 'http://ideas.it-krayina.org.ua/topic/424757-'),
(14, 'Інформаційна мапа', 'В умовах інформаційної війни у простого громадянина немає можливості повністю перевіряти інформацію, що надходить з мереж Інтернету та СМІ. Іноді відбуваються вброси дези. <br/><br/>Для підтвердження правдивості інформації використовується два підходи - довіра до джерела, та пошук аналогічних повідомлень у інших джерелах. В першому випадку ми перевіряємо інформацію, що надходила з цього джерела раніше та робимо висновок, чи можна довіряти поальшим новинам. В другому випадку просто бачимо, що однакова інфа прийшла одразу з багатьох місць, значить це має бути правда.<br/><br/>Крім того, часто одна інформація протирічить або спростовує іншу. Пошук спростувань чи протирічь також потребує часу, але надає можливість отримати більш чесну та виважену картину.<br/>', 422855, 'http://ideas.it-krayina.org.ua/topic/422855-'),
(15, 'Система дистанционного обучения', 'Система дистанционного обучения <a href="http://dofinium.com/about.htm">http://dofinium.com/about.htm</a> <a href="http://dofinium.com/doc/DofiniumPresentationRus.pdf">http://dofinium.com/doc/DofiniumPresentationRus.pdf</a>. Учить и учиться можно в любое время из любого места (где есть интернет). Нужен переводчик на украинский, дизайнер для создания видеопрезентации, создатели курсов и учебных материалов. И нужны деньги (кушать хочется...) Готова к выходу в свет\n<br/>\n<br/>\n<br/>\n<a class="btn btn-danger" href="http://www.google.com.ua/search?q=it-країна">Проект на бирже (тест)</a>', 422677, 'http://ideas.it-krayina.org.ua/topic/422677-'),
(16, 'Сервіс-деск або єдина точка входу для громадян.', 'Тобто громадянин залишає своє питання стосовно будь-яких громадських сервісів, а йому надають допомогу якими ресурсами краще скористатися або які способи вирішення питання.<br/>Взагалі центральна координуюча функція.<br/>Можна реалізувати дуже швидко на базі відкритих продуктів і технологій.', 422567, 'http://ideas.it-krayina.org.ua/topic/422567-'),
(17, 'Система управління державними класифікаторами, довідниками, структурами даних', '<strong>Проблеми, що вирішуються</strong>:<br/>На даний час в державі майже не існує єдиної установи, головна мета якої є розробка та актуалізація довідників та класифікаторів. Ті класифікатори, які існують, мають або проблеми з нумерацією, або недостатньо гнучкі, або не повні. Деякі стають застарілими вже на момент публікації. <br/>Отже, при розробці державних або комерційних систем, які працюють з загальними та персональними даними, кожен розробник програмного забезпечення використовує власні класифікатори та структури даних. Держава витрачає купу часу та грошей на інтеграцію систем або зведення даних між собою. <br/>Перевірка даних, які були збережені в базах даних у вільному або несумісному форматах, потребує додаткового процессорного часу або має похибки. <br/><br/><strong>Опис:<br/></strong>Система управління повинна мати наступні функціональні можливості<br/><br/>Закрита частина:<br/><ol><li>Кабінет відповідальної установи для управління даними <ol><li>Створення, редагування, публікація довідників, кла', 422501, 'http://ideas.it-krayina.org.ua/topic/422501-'),
(18, 'Напів-анонімне розповсюдження новин', '<h5>Опис:</h5>За для зменшення тиску ЗМІ було б непогано створити мережу публікації інформації з оцінкою як інформації так і джерела. Концепція схожа на концепцію мережі FreeNet.<br/>Кожен створює пару ключів для ідентифікації та підтвердження автентичності інформації.<br/>Додавання у друзі з двома коефіцієнтами, які контролюють рівень довіри і довіри другого рівня.<br/>Усе що публікується проходить через фільтрацію по рівню довіри.<br/><br/>Тобто система для слідкування за новинами але через друзів і їх друзів у відповідності до коефіцієнтів довіри.<br/><br/>Оригінальна ідея: фільтрування спаму у соц. мережах та IM завдяки соц. мережі blacklist-ів.<br/><br/><h5>Функції:</h5><ul><li>Збір фактів/чуток та їх аналітики</li><li>Привнесення матеріалу з зовнішніх ресурсів та/або посилань</li><li>Агрегація фактів навколо подій</li><li>Фільтрація за оцінкою (включаючи транзитивну оцінку) </li></ul>', 422475, 'http://ideas.it-krayina.org.ua/topic/422475-'),
(19, 'Программа модернизации государственных служб и ведомств', '<strong>Описание:</strong><br/>Целью проекта является снижение расходной части государственного бюджета путем организации процесса <strong>эффективной</strong> модернизации методик и инструментов для работы государственных служб и ведомств Украины. <br/><br/><strong>Функции</strong>:<br/>1. Формирование формальных целей проекта по модернизации и критериев оценки их достижения;<br/>2. Управление процессами разработки нескольких <strong>конкурирующих</strong> решений;<br/>3. Обеспечение процесса формальной оценки и выбора решения-победителя;<br/>4. Предоставление доступа к публичной информации о проектах по модернизации;<br/><br/><strong>Что уже сделано:</strong><br/>Сконструирован основной бизнес-процесс сервиса.<br/>', 422235, 'http://ideas.it-krayina.org.ua/topic/422235-'),
(20, 'Громадська опіка', '<strong>Описание:</strong><br/>Финансовый сервис для общественной поддержки малоимущих. Ежемесячные платежи от доноров аккумулируются и распределяются на реципиентов. Доступ к средствам реципиенты осуществляют через специальные карты, ограниченные торговыми транзакциями (т.е. можно купить, но нельзя обналичить). <br/><br/>Полное описание смотрите тут: <a href="https://docs.google.com/document/d/10593gytXk_al8Ftrf5-XhfiXtZpwsZ_V9U2E6DS3Ikw/edit?pli=1">https://docs.google.com/document/d/10593gytXk_al8F...</a><br/><br/><strong>Функции:</strong><br/>1. Взаимодействие с банком и учет автоматических перечислений донорских платежей в фонд;<br/>2. Предоставление реципиентам доступа к финансовой помощи, ограниченного торговыми транзакциями (приобретением товаров в магазине);<br/>3. Организация процедуры общественного подтверждения имущественного состояния кандидатов при приеме новых реципиентов;<br/>4. Предоставление фискальным органам данных о налоговых зачетах доноров;<br/>5. Индикация доноров с помощью специальных ', 422184, 'http://ideas.it-krayina.org.ua/topic/422184-'),
(21, 'E-visa', '<strong>Опис:</strong><br/>система, що дозволяє отримати візу до України з будь-якої іншої країни онлайн. Рішення нашего парламенту про введення візового режиму із Росією не може бути реалізовано на практиці традиційними методами. У той же час Сінгапур, Арменія, Естонія успішно вирішують проблему шляхом видання електронних віз.<br/><br/><strong>Функції:</strong><br/>- надати можливість замовити візу<br/>- можливість надати документи<br/>- можливість отримати візу на електронну пошту<br/>- можливість отримати візу поштою, або ішою курьєрською службою для підвищення швидкості отримання.<br/><br/><strong>Що вже робиться:</strong><br/>Є прямі контакти з "ідеологами" міжнародного проекту e-visa.<br/><strong><br/>Приклад:</strong><br/><a href="https://www.singapore-visa.sg/">https://www.singapore-visa.sg/</a><br/><br/>', 422057, 'http://ideas.it-krayina.org.ua/topic/422057-'),
(22, 'Хочу голосовать на выборах через интернет/мобильный/телефон', 'Обязательные требования:<br/>Простота - Интерфейс понятен для обычных пользователей<br/>Прозрачность <br/>Открытость - \nлюбой может провести аудит системы и предложить свои улутшения\n<br/>Децентрализованность - реализация отказоустойчивости<br/><br/>Авторизация: +/или<br/>паспортные данные<br/>ИНН<br/>SMS-пароль<br/>OpenID<br/>например: номер_паспорта + ИНН (+SMS)<br/><br/>', 421781, 'http://ideas.it-krayina.org.ua/topic/421781-'),
(23, 'Проект: єдині стандарти та принципи дизайну', '<a href="https://www.facebook.com/groups/MaidanHackthon/permalink/1431282733779756/">https://www.facebook.com/groups/MaidanHackthon/per...</a> пише:<br/>Новій Україні потрібні нові інтерфейси спілкування з громадянами. Всі державні сайти виглядають абсолютно non user friendly. Потрібно випрацювати єдині стандарти дизайну, формування контенту, запуску та тестуванню державних сервісів. Так, як це зробили британці.<br/><a href="https://www.gov.uk/design-principles">https://www.gov.uk/design-principles</a><br/><a href="https://www.gov.uk/service-manual">https://www.gov.uk/service-manual</a><br/><a href="https://www.gov.uk/design-principles/style-guide">https://www.gov.uk/design-principles/style-guide</a><br/><br/>', 421266, 'http://ideas.it-krayina.org.ua/topic/421266-'),
(24, 'Профспілки(Пікети) Швидкого Реагування', 'Чиновник хоче хабар?<br/>У паспортному столі просять 400 грн за закордонний паспорт?<br/>Пропонуємо чиновнику швидше взятися за розум. Якщо ж нехоче - 20-30 людей з плакатами, шинами, масками швидко збираються під будівлею і вимагають законності.<br/>Учасники пікету і є людьми що потерпають від нахабності людей у держ. установах. Для невеликого міста чи району достатньо 10 пікетів. Потім тільки згадати про пікет.<br/>', 421264, 'http://ideas.it-krayina.org.ua/topic/421264-'),
(25, 'Взятка', 'Идея проекта - дать полную информацию гражданам Украины, что делать, как себя вести и куда обращаться в случае если госслужащий требует взятку<br/><br/>Сайт состоит из двух разделов: <br/><ul><li>Справочник</li><li>Блог-платформа</li></ul>Справочник - структурированная и обновляемая платформа, в которой собрана информация о том что делать если требуют взятку, куда обращаться, шаблоны заявлений<br/><br/>Верхняя иерархия справочника направляет посетителя по принадлежности госслужещего. Что-то типа:<br/>Что делать если требует взятку<br/><ul><li>Гаишник</li><li>Прокурор</li><li>Налоговый инспектор</li><li>Доктор</li><li>Учитель</li><li>и т.д.</li></ul>Далее разветвления, для того, чтобы понять на каком этапе находится посетитель сайта<br/><ul><li>Первый контакт (например остановил инспектор ГАИ)</li><li>Второй контакт (указание оплатить сторонней фирме непонятные услуги)</li></ul>Далее общие рекомендации как себя вести в каждой ситуации, контакты антикоррупционных ведомств, шаблоны заявлений, описание что будет ', 421203, 'http://ideas.it-krayina.org.ua/topic/421203-'),
(26, 'створення незалежного сайту, про всіх викладачів ВНЗ України', 'Опис:<br/> створення незалежного сайту, про всіх викладачів ВНЗ України, де б можна було сформувати їх рейтинг, як в Америці чи Європі. Студенти отримають незалежну інформацію, про якість викладача. Коли ми повністю перейдемо на Болонську систему, і пари можна буде обирати самостійно, то такий сайт, буде просто неоціненний для студентів. <br/><br/> Потрібно: програміст, людина по співпраці зі студентами(профкомами), спеціаліст з реклами(бо функціонувати сайт має за якісь кошти), в майбутньому потрібно, щоб такий сайт був при мін.освіти, але йому не підпорядковувався щоб уникнути корупційної складової.', 421199, 'http://ideas.it-krayina.org.ua/topic/421199-'),
(27, 'Єдині принципи та стандарти функціонування державних сервісів', 'Новій Україні потрібні нові інтерфейси спілкування з громадянами. Всі державні сайти виглядають абсолютно non user friendly. Потрібно випрацювати єдині стандарти дизайну, формування контенту, запуску та тестуванню державних сервісів. Так, як це зробили британці.<br/><a href="https://www.gov.uk/design-principles">https://www.gov.uk/design-principles</a><br/><a href="https://www.gov.uk/service-manual">https://www.gov.uk/service-manual</a><br/><a href="https://www.gov.uk/design-principles/style-guide">https://www.gov.uk/design-principles/style-guide</a><br/>Кому цікаво, долучайтесь!<br/>', 421089, 'http://ideas.it-krayina.org.ua/topic/421089-'),
(28, 'Укр Справочник', 'Стандартизация справочной информации в Украине.<br/>Публикация и распространение справочной информации с помощью современных средств интеграции. Что позволит единообразное развитие других ИТ проектов.<br/>', 420774, 'http://ideas.it-krayina.org.ua/topic/420774-'),
(29, 'Семантическое законодательство', '<strong>Суть идеи:<br/>    </strong>формирование законодательной базы в виде <a href="http://ru.wikipedia.org/wiki/%D0%A1%D0%B5%D0%BC%D0%B0%D0%BD%D1%82%D0%B8%D1%87%D0%B5%D1%81%D0%BA%D0%B0%D1%8F_%D1%81%D0%B5%D1%82%D1%8C" target="_blank">семантической сети</a> с помощью <a href="http://ru.wikipedia.org/wiki/Resource_Description_Framework" target="_blank">Resource Description Framework</a><hr/><br/><strong>Зачем это нужно:</strong><br/><ul><li><strong></strong>информационная эпоха требует внедрения IT-технология в сферу государственного управления</li><li>постоянно растущая законодательная база делает невозможным человеку без юридического образования, а вскоре - даже самим юристам,<br/>эффективно использовать юридические документы, без больших затрат времени</li><li>невозможность контролировать качество и непротиворечивость юридических документов, что приводит к неоднозначному их трактованию<hr/></li></ul><strong>Что дает:</strong><br/><ul><li><strong></strong>наличие строгой структуры в законодательной базе</li', 420614, 'http://ideas.it-krayina.org.ua/topic/420614-'),
(30, 'Проект: Маєш знати, хто тебе захищає [#77]', '<strong>Опис:</strong> <br/>система контролю та накопичення інформації про працівників МВС, ГАІ тощо.<br/><br/><strong>Функції:\n</strong><br/><ul><li>повна прозора інформація по системах атестації, які існують в міліцейських установах; </li><li>інтеграція з системою - на постійній основі направлення спостерігачів на екзамени та атестації, які б через анонімне анкетування інформували б контролюючі державні органи та громадськість про перебіг процесу та виявлені недоліки; </li><li>за юридичної допомоги волонтерів оформлення ініціатив громадськості по реформуванню системи атестацій, та передання їх до відповідних органів влади; </li><li>короткі інформаційні та статистичні відомості про результати, перебіг та географію атестаційного процесу кожної з державних установ.</li></ul><br/>', 420195, 'http://ideas.it-krayina.org.ua/topic/420195-'),
(31, 'Проект: Твоя земля [#74]', '<strong>Опис:</strong> <br/>реєстр земельних ресурсів України.<br/><br/><strong>Функції:</strong>\n<br/><ul><li>допрацювання законодавства, щоб полегшити операції із землею та нерухомістю; </li><li>унеможливити корупцію при проведенні операцій із землею та нерухомістю; </li><li>представити пересічному громадянину вичерпну інформацію та експертну оцінку щодо землі, якою він володіє; </li><li>детальна мапа земельних ресурсів України у відкритому доступі (аналог земельного кадастру онлайн), підземних (копалини, водосховища тощо), наземних (об''єкти нерухомості), Повітряний простір (це також об''єкт власності) у Єдиному Ресурсному Кадастрі.</li></ul><br/><strong>Приклади рішень:</strong> <a href="http://goo.gl/JVfy6F">http://goo.gl/JVfy6F<br/></a><br/><br/>', 420194, 'http://ideas.it-krayina.org.ua/topic/420194-'),
(32, 'Проект: Тендери [#45]', '<strong>Опис:</strong> <br/>інформаційна сторінка, яка покликана упрозорити існуючу систему тендерів та запобігти процвітанню корупційних схем у цій сфері.<br/><br/><strong>Функції:</strong>\n<br/><ul><li>оперативне сповіщення громадськості про тендери, які з''являються; </li><li>відслідковування, інформування про перебіг найбільш дорогих тендерів, по завершенні - повне дослідження по історії та власнику переможця тендеру; </li><li>юридична допомога середньому та малому бізнесу по участі в тендерному процесі; </li><li>можливість оформлення тендерної заявки онлайн; </li><li>можливо рекламування окремих тендерів, та інформаційна розсилка.</li></ul><br/><strong>Існуючі аналоги:</strong>\n<br/><a href="http://www.tendery.ua/">http://www.tendery.ua/</a> та інші.<br/><br/><br/>', 420193, 'http://ideas.it-krayina.org.ua/topic/420193-'),
(33, 'Проект: Онлайн-податки [#44]', '<strong>Опис:</strong> <br/>система сплати громадянином податків онлайн (розширення існуючих державних систем) та принаймні номінального інформаційного звіту про те, куди та коли надійшли кошти громадянина.<br/><br/><strong>Функції:</strong>\n<br/><ul><li>формування податкових платежів; </li><li>автоматична сплата податків; </li><li>можливість подати апеляцію, якщо не згодний із сумою; </li><li>юридична допомога по спірних питаннях, допомога формування позовів, захист громадян тощо; </li><li>прозора процедура звітності органів збору податків перед громадянином - коли кошти надійшли до столиці, коли і в якому об''ємі вони повернулися до твого міста і т.п.</li></ul><br/><br/>', 420192, 'http://ideas.it-krayina.org.ua/topic/420192-'),
(34, 'Проект: Міжнародні кредити [#43]', '<strong>Опис: </strong><br/>інформаційний майданчик, покликаний припинити всі спекуляції на тему міжнародних кредитів.<br/><br/><strong>Функції:</strong>\n<br/><ul><li>чітка, проста аналітична інформація щодо кредитних програм, підписаних Україною (строки, об''єми, схеми повернення, ступінь виконання, щорічний обсяг виплат по кредиту, якщо кредит виданий під зобов''язання України - вони мають бути чітко означені та оприлюднені); </li><li>інфографічні матеріали, мета яких позбавити пересічного громадянина страху перед фінансуванням "з Заходу", та чітко пояснювати, на що взяті гроші, у який термін та за рахунок чого будуть повернуті; </li><li>в майбутньому - можливість шляхом прямої демократії вирішувати, чи бажають громадяни України продовжувати отримувати кредити взагалі, або від конкретної організації або країни.</li></ul><br/><br/>', 420191, 'http://ideas.it-krayina.org.ua/topic/420191-'),
(35, 'Проект: Відкритий бюджет [#42]', '<strong>Опис:</strong> <br/>ідея полягає у створенні сервісу, за допомогою якого можна було б відслідковувати бюджет країни з повною деталізацією до твого будинку.<br/><br/><strong>Функції:\n</strong><br/><ul><li>повні інформаційні звіти державних установ: починаючи з головного бюджету країни, закінчуючи витратами місцевого жеку; </li><li>співставлення в часі - планували/витратили; </li><li>можливість формування онлайн запитів по закону про відкриту інформацію, та ведення історії наданих даних по цих звітах; </li><li>рейтинг найбільш прозорих міст, селищ та чиновників; </li><li>зрозуміла інфографіка та статті, які б роз''яснювали пересічному громадянину бюджетотворчій процес та його право впливати на розподіл своїх податків.</li></ul><br/><strong>Що вже зроблено:</strong><br/>існує команда девелоперів та бізнес-аналітиків, що почала працювати над проектом: <a href="http://www.it-krayina.org.ua/openbudget/">http://www.it-krayina.org.ua/openbudget/</a>', 420190, 'http://ideas.it-krayina.org.ua/topic/420190-'),
(36, 'Проект: Не дозволяй їм красти [#41]', '<strong>Опис:</strong>\n<br/>cистема, яка стане інструментом запобігання тотальній корупції в державі<br/><br/><strong>Функції:\n</strong><br/><ul><li>шляхом інфографіки, графіки та аналітичних статей забезпечити популярізацію антикорупційних настроїв серед населення; </li><li>створити систему анонімного сповіщення про факти хабарництва, з обовязковим фактичним підтвердженням випадків (в т.ч. для мобільних девайсів - такий собі "корупційний інстаграм"); </li><li>налагодити полуавтоматичне формування позовів, або сповіщення відповідальних органів державної влади про виявленні випадки коррупції; </li><li>можливість коментувати та висловлювати сумнів у викладеній інформації; </li><li>забезпечити перевірку викладених фактів; </li><li>інформувати громадськість про перебіг справ, які відкриті завдяки дописувачам сайту.</li></ul><br/><br/>', 420189, 'http://ideas.it-krayina.org.ua/topic/420189-'),
(37, 'Проект: Пряма демократія. [#21]', '<strong>Опис:</strong> <br/>створення інструменту прямої демократії, а саме - можливості для кожного громадянина України впливати практично в реальному часі на законотворчий процесс та процесс реформування.<br/><br/><strong>Функції:</strong>\n<br/><ul><li>жорстка реєстрація користувачів (паспорт, ІНН тощо); </li><li>список питань, згідно якому, в форматі референдуму "так/ні", просто висловлює думку кожний пересічний громадянин (за наявності бажання впливати на процес). Список потрібно оновлювати, наприклад - раз на тиждень. </li><li>можливість обговорення непопулярних рішень; доведення у форматі суспільного далогу до населення необхідності таких рішень; </li><li>теоретично - можливість ветування суспільством окремих рішень. Наприклад, якщо рішення ветує більшість, держструктури забовязані в означений термін представити альтернативу законопроекту, детальне роз''яснення та аргументацію щодо доцільності кожного окремого пункту; </li><li>можливість інтегрування в таку систему розділу з просування кандидатів у владн', 420188, 'http://ideas.it-krayina.org.ua/topic/420188-');
INSERT INTO `projects` (`id`, `header`, `description`, `outer_id`, `url`) VALUES
(38, 'Проект: UKR-OS. [#76]', '<strong>Опис: </strong><br/>створити операційну систему руками українців, яка б була інтелектуальною власністю громадян країни. <br/>Можливо на базі одного з лінуксів, створити репозиторій, у якому будуть стабільні версії програм українською, які не ввійшли до основного репозиторію ОС, доповнити дистрибутив необхідними програмами та кодеками (мп3, скайп, відеодрайвера та ін.) або запропоновувати їх вибір при встановленні\n<br/><br/><strong>Плюси:</strong>\n<br/><ul><li>вивід з тіні ПЗ; </li><li>економія державних коштів; </li><li>скорочення хабарництва; </li><li>розвиток технологій; </li><li>просування інтелектуальних надбань українців на прикладі добро реалізованної ОС.</li></ul><br/>', 420187, 'http://ideas.it-krayina.org.ua/topic/420187-'),
(39, 'Проект: Став свідком порушення? Фіксуй, сповіщай. [#72]', '<strong>Опис: </strong><br/>cистема, яка дозволить сповіщати про будь-які правопорушення, свідком яких став громадянин.<br/><br/><strong>Функції:\n</strong><br/><ul><li>можливість оперативно сповіщувати про правопорушення підкріплюючи такі випадки фактами (с застосування смс, онлайн, в соцмережах тощо). Приклади: ДТП, нагляд за голосуванням на дільницях,  корупційні вимоги чиновників; </li><li>підтримка та поширення вимоги щодо скасування заборони на використання засобів прихованого збору інформації громадянами України; </li><li>передача зафіксованих випадків правопорушень до відповідних досудових слідчих органів державної влади.</li></ul><br/>Приклади подібного проекту: <a href="http://autocarma.org">http://autocarma.org</a><br/><br/><br/>', 420186, 'http://ideas.it-krayina.org.ua/topic/420186-'),
(40, 'Проект: Електрона довідка [#62]', '<strong>Опис:</strong> <br/>онлайн приймальня громадян.<br/><br/><strong>Функції:\n</strong><br/><ul><li>надання інформації на фаховому рівні щодо потрібного переліку документів для будь-якої потреби громадянина; </li><li>надання можливості запросити довідки, виписки, відповіді на звернення онлайн до будь-якого державного виконавчого органу; </li><li>можливість подати документи до потрібної установи онлайн (університети, дитсадки, отримання візи тощо); </li><li>можливість спілкування між держслужбовцем та громадянином онлайн, у випадках якщо для виконання запиту не вистачає інформації (маємо уникнути "відфутболювання" у державних установах); </li><li>можливість для користувача або чиновника призначити зустріч на конкретну дату, конкретний час, якщо вирішення питання вимагає особистого спілкування.</li></ul><br/><strong>Приклад реалізації:</strong> <br/>подання документів до іноземних візових центрів.<br/><br/>', 420185, 'http://ideas.it-krayina.org.ua/topic/420185-'),
(41, 'Проект: Унікальний цифровий підпис [#01]', '<strong>Опис: </strong><br/>проект, що дозволить реалізувати систему електронної ідентифікації громадян. Це означає можливість підтвердити особистість громадянина через інтернет - для онлайн-банкінгу, для отримання довідок, документів онлайн, для забезпечення голосування через інтернет та багато інших напрямків. Така система дасть змогу реалізувати, як мінімум, механізм онлайн петицій, а як максимум - механізми прямої демократії.<br/><br/><strong>Функції:</strong>\n<br/><ul><li>забезпечити надійну онлайн-ідентифікацію користувача</li></ul><br/><br/>', 420184, 'http://ideas.it-krayina.org.ua/topic/420184-'),
(42, 'Проект: Додаток для смартфону «Запобігання ДТП». [#75]', '<strong>Опис: </strong><br/>сайт, де публікується інформація про найстрашніших нахаб на дорогах (антирейтинг). Основна ідея проекту в створенні додатку для Android та Apple, який допоміг би аналізувати ситуацію на дорозі, та завчасно попередив би водія про те, що він прямо перед собою бачить автомобіль, який знаходиться в розшуку, або - створює аварійну ситуацію та багато іншого.<br/><br/><strong>Функції: \n</strong><br/>- занесення до бази даних сайту реєстраційних знаків автомобілів, зафіксованих іншими водіями;\n<br/>- можливість перевірити будь-яке авто просто шляхом введення державного номеру до додатку на смартфоні або поставити цьому номеру «мінус»;\n<br/>- підтримання елементарної порядності, а не лише ПДР, за якою слідити, зазвичай, досить складно.<br/><br/><strong>Що вже зроблено/аналоги:\n</strong><br/>Схожа web-служба реалізована на сайті <a href="http://autocarma.org/">http://autocarma.org/</a>. Не повний аналог додатку теж існує.<br/><br/><br/>', 420183, 'http://ideas.it-krayina.org.ua/topic/420183-'),
(43, 'Проект: Дорадчий орган [#53]', 'Опис: при Верховній Раді України, Кабміні та кожному галузевому Міністерстві створити окремі дорадчі органи, які включають в себе людей-активістів, фахівців із Університетів, світових визнаних експертів і визнаного фахівця із ринкових реформ в окремій країні, де ці реформи пройшли найбільш успішно.<br/>Функції:\n<br/>- надання повноважень для накладання вето та/або візування законів та нормативно-правових актів, що були прийняті вищеозначеними органами (ВРУ, Кабмін та галузеві міністерства);\n<br/>- подання скарг та/або пропозицій до законів та нормативно-правових актів, що були прийняті вищеозначеними органами;\n<br/>- подання скарг до суду на физічну особу або на групу фізичних осіб, що працюють в підконтрольній установі, наразі невідповідної своїй посаді діяльності чі бездіяльності, або порушення чинного законодавства;\n<br/>- складання звітності, що розміщується на загальнодоступному сайті відповідного Дорадчого органу (відео-інтерв''ю, текстові звіти тощо) про його діяльність та успіхи.<br/><br/><br/>Основна ', 420182, 'http://ideas.it-krayina.org.ua/topic/420182-'),
(44, 'Проект: Вікілікс Україна. [#19]', '<strong>Опис:</strong> <br/>проект-підтримка для збільшення ступеню прозорості влади, інструмент для громадських активістів.<br/><br/><strong>Функції, як ми їх бачимо:</strong>\n<br/><ul><li>«голі» факти, документи; </li><li>відсутність упереджених оцінок; </li><li>вікі-формат (інтуітивно зрозумілий кожному).</li></ul><br/><strong>Що вже зроблено: \n</strong><br/>Проект вже стартував тут: <a href="http://trueukraine.net">http://trueukraine.net</a>. Наразі є потреба у волонтерах, зокрема, журналістах-стрінгерах та спеціалістах із просування в Інтернеті.<br/><a href="http://trueukraine.net"><br/><br/></a>', 420181, 'http://ideas.it-krayina.org.ua/topic/420181-'),
(45, 'Проект: Довідник держустанов «Що, де, коли». [#63]', '<strong>Опис:</strong> <br/>вебсайт, який є актуальним довідником / базїю даних всіх державних установ, що ведуть роботу із громадянами.<br/><br/><strong>Функції:</strong> \n<br/><ul><li>перевірені та актуальні дані - список держустанов з переліком питань, які вони вирішують, документів, що видають, їхні адреси, телефони, адреси сторінок в інтернеті, години прийому, кабінети тощо; </li><li>організація сторінок з врахуванням можливості мобільного перегляду; </li><li>широкі можливості пошуку: по назві, по типу, по району та повнотекстовий пошук, тощо; </li><li>можливості дописування інформації користувачами, інтеграція соціальних мереж та зворотній зв''язок (система має працювати в попередньо-модеруючому режимі); </li><li>інтегрована мапа; </li><li>посилання на існуючі сайти державних установ; </li><li>реалізація OWL (опціонально).</li></ul><br/><strong>Можливий план реалізації:\n</strong><br/>Ядро системи - розробка базової основи майбутньої системи - БД та веб сторінки. Реалізація пошуку, онлайн редагування, інт', 420180, 'http://ideas.it-krayina.org.ua/topic/420180-'),
(46, 'Проект: Вибрав? Контролюй! [#51]', '<strong>Опис</strong>: <br/>вебсайт - агрегатор інформації про державних службовців, які вже займають посаду або претендують на певну посаду. Ресурс класифікує чиновників за сферою діяльності, географічно (у якому окрузі, області або районі він/вона займає цю посаду). Користувачі фільтрують персон за категоріями. Ресурс постійно модерується, адмініструється та поновлюється.<br/><br/><strong>Функції</strong>: \n<br/><ul><li>база даних про депутатів/ чиновників/ суддів, коротке зведення. Паспортна частина, політичні погляди, належність до партій, кар’єра. Родинні зв’язки із іншими чиновниками/ політиками/ суддями (посилання на досьє кандидатів у базі); </li><li>збір, обробка, модерування інформації про діяльність, правові порушення вищезазначених персон, що надходять від звичайних громадян, журналістів; можливість завантаження інформації на зовнішні ресурси для обробки; </li><li>збір інформації із джерел ВР про кількість відвіданих депутатами сесій, про проекти, які було створено/ винесено на голосування/ за які', 420179, 'http://ideas.it-krayina.org.ua/topic/420179-'),
(47, 'Проект: Troll Patrol. [#71]', '<strong>Опис: </strong><br/>програмний продукт для виявлення, чистки та сповіщення про коментаторів-тролей на сайтах популярних медіа-ресурсів.<br/><br/><strong>Функції:\n</strong><br/><ul><li>краулер (пошуковий робот) сторінок, організація бази даних коментарів популярних медіа ресурсів; </li><li>аналізатор бази даних коментарів та класифікатор користувачів (виявлення масових коментарів, що відправлені автоматичними засобами, аккаунтів, що коментують цілодобово, аналіз IP-адрес та часу коментарів, виявлення аккаунтів із надмірним об''ємом активності для однієї людини, продубльованих коментарів); </li><li>веб сайт для перегляду результатів аналізу у вигляді таблиць та графіків. </li><li>API для експорту інформації - для споживання плагінами до браузерів та власниками медіа ресурсів. Також API для маркування тролів вручну шляхом голосування; </li><li>плагіни до IE/Firefox/Chrome для підсвітлення коментаторів-тролей та опціонального приховування їх дописів від користувачів.</li></ul><br/><br/>', 420178, 'http://ideas.it-krayina.org.ua/topic/420178-'),
(48, 'Проект: Вони обслуговують тебе. Бачиш проблему - сповісти! (про ЖКГ). [#61]', '<strong>Опис: </strong><br/>основна ідея - контроль ЖКГ та обслуговуючих установ міста, селища тощо. Платформа для збору та категоризації інформації про проблеми розвитку інфраструктури територіальних одиниць України, за активної участі громадян, громадських організацій та передачі зібраної інформації до відповідальних установ всіх рівнів заради прискорення вирішення цих питань.<br/><br/><strong>Функції:\n</strong><br/><ul><li>відкрита та доступна для різних ОС та приладів платформа; </li><li>глобальна та локальна категоризація проблем областей, обласних центрів та міст за територіальними ознаками;</li><li>тематична категоризація проблем: незаконне будівництво, проблеми інфраструктури, проблеми ЖКГ і так далі; </li><li>статуси учасників платформи: громадяни, активісти громадянських організацій, держслужбовці; </li><li>система взаємодії учасників платформи: обговорення та доповнення існуючої проблем учасниками платформи, контроль процесу та виконання рішень громадянськими організаціями та/або держслужбами; </li', 420177, 'http://ideas.it-krayina.org.ua/topic/420177-'),
(49, 'Проект: Дізнайся справжню ціну! [#110]', '<strong>Опис: </strong><br/>звичайні громадяни - споживачі українських продуктів, товарів та послуг - не мають достовірної та повної інформації про якість/шкідливість товарів в магазинах, та справжню, справедливу ціни. Скільки це коштує в Росії, в Європі? Чому? Чи є об''єктивні причини завищення ціни на нашій территорії? За допомогою цього каталогу можна буде знайти аналітичні статті, правдиву та корисну інформацію про товари, порівняти ціни товарів по марках та країнах виробника, а отже - заощадити та підвищити обізнанність.<br/><br/><strong>Функції: \n</strong><br/><ul><li>каталог продуктів харчування, лікарських засобів, що містить їх опис, склад (характеристики), ціни (нинішні та вся історія змін); </li><li>пошук та порівняння товару за видом, виробником, географічним положенням та точками продажу; </li><li>таблиці і графіки динаміки ціни за проміжок часу та порівняння динаміки цін на різні категорії товарів; </li><li>актуальна вартість споживчого кошика по регіонам України; </li><li>довідник ДСТУ кодів.</l', 420176, 'http://ideas.it-krayina.org.ua/topic/420176-'),
(50, 'Проект: Росіянам про Україну. [#112]', '<strong>Опис:</strong> медійний проект (комплексно - сайт, газета, телебачення, твіттер, відеоблог) для правдивого висвітлення подій в Україні для росіян та російськомовного світу. Необхідність проекту виникла у зв’язку із великою кількістю неправдивої інформації у російських ЗМІ стосовно ситуації в нашій державі через ідеологію та пропаганду зацікавлениих осіб. <br/><br/><strong>Можливий план реалізації:</strong> \n<br/><ul><li>створення ТВ (за типом Громадського ТБ) на російській мові. Головні інтерв’ю журналісти беруть у звичайних глядачів російською мовою або із синхронним перекладом на російську мову; </li><li>просування ТВ серед росіян та російськомовного населення (у тому числі, серед жителів східної України); </li><li>налагодження співпраці в форматі "громадянин - гражданину", де звичайні неупереджені люди, простою, власною мовою пояснювали би ситуацію так, як це бачать вони.</li></ul><br/>', 420175, 'http://ideas.it-krayina.org.ua/topic/420175-'),
(51, 'Проект: Маю ідею! [#14]', '<strong>Опис:</strong> платформа для збору, аналізу, обробки, систематизації, розвитку, фінансування та реалізації ідей соціальних проектів від активних громадян України.<br/><br/><strong>Функції:\n</strong><br/><ul><li>внесення ідей соціальних проектів учасниками у встановленому платформою форматі; </li><li>система категоризації та фільтрації ідей (тегі, категорії , географія); </li><li>прогресивна система рейтингу ідей (голосування учасників "за" та "проти" ідеї, рейтинги за тегами, категоріями, географією; </li><li>система експертного, науково-технічного, юридичного оцінювання та підтримки ідей (запрошення експертів для вдосконалення ідей та концептів у рамках системи); </li><li>розвиток ідей (створення структури проекту та проектної документації); </li><li>фінансування проектів (можливість фінансування проекту у рамках системи); </li><li>підключення існуючих систем менеджменту проектів та трекінгу розробки до платформи; </li><li>відкритість та доступність платформи для різних приладів та операційних систем', 420174, 'http://ideas.it-krayina.org.ua/topic/420174-'),
(52, 'Проект: Потрібен сайт [#16]', '<strong>Опис:</strong> <br/>веб-платформа, за допомогою якої користувачі зможуть подавати заявки на створення графічних інформаційних матеріалів та вебсайтів соціальної спрямованості. Дизайнери та веб-програмісти зможуть брати та виконувати ці заявки.<br/><br/><strong>Функції: \n</strong><br/><ul><li>відкрита та доступна для різноманітних операційних систем та приладів платформа; </li><li>галерея вже створених продуктів, із можливістю фільтрації та сортування за різними категоріями; </li><li>можливість відслідковувати статус заявки.</li></ul><br/><br/>', 420173, 'http://ideas.it-krayina.org.ua/topic/420173-'),
(53, 'Проект: Ми - українці, ми - майдан. [#12]', '<strong>Опис:</strong> портал присвячений пересічним українцям, тим, що вже змінилися, тим, що розбудовують свою дежаву та майбутню державу своїх дітей, справжнім героям свого часу. Звісно, в першу чергу, до проекту будє занесено інформацію про людей, які брали участь у революційних подіях за наступними розділами: «Небесна сотня», «Герої Майдана».<br/><br/><strong>Функції:\n</strong><br/><ul><li>"Небесна сотня" (або "Вічна пам''ять Героям!") Ці люди не чекали дива. Вони віддали найдорожче. Хто вони? (список Героїв, можливість залишити інформацію про них для всіх людей). Поміч родинам загиблих. Інформація додається за форматом Вікі; </li><li>"Герої Майдана" блоги (або просто статті, опціонально анонімні) учасників подій Майдана. Що привело їх сюди, що відчували ці люди? Текст / відео / фото / агрегатор контенту із інших ресурсів. Тут мають бути не тільки люди з Майдану в Києві, але і ті, хто брав активну участь у подіях в регіонах. Можна поєднати із «Хвилиною про себе». </li><li>"Хвилина про себе" Розділ на порт', 420172, 'http://ideas.it-krayina.org.ua/topic/420172-'),
(54, 'Проект: Безкоштовна юридична допомога. [#13]', '<strong>Опис:</strong> <br/>веб-платформа, де надається безкоштовна юридична допомога простим громадянам з метою вирішення юридичних питань, підвищення рівня юридичної грамотності та контролю за діяльністю суддів, прокуратури та міліції.<br/><br/><strong>Функції:\n</strong><br/><ul><li>навігація сайтом за розділами (сферами), такими як справи, форуми, публікаціїї, документи та поширені питання, що дозволяє швидко адресувати питання у відповідній частині сайту; </li><li>автоматизована база даних суддів та співробітників прокуратури; моніторинг дотримання їми законності у вирішенні справ; </li><li>телефонний додаток, де будуть надаватись інструкції з вирішення тієї чи іншої проблеми законним шляхом; </li><li>вирішення юридичних питань (допомога експертів) та позбавлення звички вирішувати проблеми будь-яким нелегальним чином, підвищення рівня юридичної грамотності і знання своїх прав серед населення.</li></ul><br/><br/>', 420171, 'http://ideas.it-krayina.org.ua/topic/420171-'),
(55, 'Проект: Свідоме суспільство. [#11]', '<strong>Опис:</strong> <br/>соціальна мережа громадянина (платформа людської взаємодії)\n<br/>Відкрита та розширювана платформа, яка допомагає взаємодіяти українським громадянам в будь-яких питаннях та з різним географічним і предметним фокусом. Кожна активність в системі має географічний фокус: вся країна, чи область, чи місто, чи район, чи вулиця, чи будинок, чи закрита група (наприклад, гаражний кооператив, сотня самоорганізації). Кожен зареєстрований учасник отримає тільки ту інформацію, що відповідає його профілю.<br/><br/><strong>Функції:\n</strong><br/><ul><li>жорстка реєстрація — реєстрація в системі по паспорту в офлайн. </li><li>структуроване обговорення будь-яких питань. Система має бути побудована з урахуванням кращого світового досвіду. Зокрема, мати рейтинг авторів та постів; </li><li>організація спільних дій (наприклад, патрулювання). Можлива побудова за принципами проектного управління. Основні суті: мережевий графік (розклад) та планування ресурсів (людей - учасників). Учасники додають себе, як', 420170, 'http://ideas.it-krayina.org.ua/topic/420170-'),
(56, 'Проект: Парламент 2.0. [#22]', '<strong>Опис: <br/></strong>система, глибоко інтегрована з діючим парламентом, та його логічне доповнення.<br/><br/><strong>Функції:\n</strong><br/><ul><li>жорстка реєстрація, підвищений рівень безпеки; </li><li>можливість контролювати діяльність депутатів, слідкувати за кожною їх дією, починаючи від місця перебування, закінчуючи часом приходу на роботу; </li><li>створення т.н. "нижчої" палати парламенту, де громадяни мають змогу висувати законопроекти, голосувати за них, а також прямо впливати на просунення кандидатів в парламент та відкликання тих, що себе дискредитували.</li></ul><br/><br/>', 420169, 'http://ideas.it-krayina.org.ua/topic/420169-');

-- --------------------------------------------------------

--
-- Table structure for table `project_tag`
--

CREATE TABLE IF NOT EXISTS `project_tag` (
  `id` int(10) unsigned NOT NULL AUTO_INCREMENT,
  `project_id` int(10) unsigned NOT NULL,
  `tag_id` int(10) unsigned NOT NULL,
  PRIMARY KEY (`id`),
  UNIQUE KEY `project_id` (`project_id`,`tag_id`),
  KEY `user_id` (`project_id`),
  KEY `tag_id` (`tag_id`)
) ENGINE=InnoDB  DEFAULT CHARSET=utf8 AUTO_INCREMENT=8 ;

--
-- Dumping data for table `project_tag`
--

INSERT INTO `project_tag` (`id`, `project_id`, `tag_id`) VALUES
(1, 1, 1),
(2, 1, 2),
(3, 1, 3),
(5, 1, 4),
(4, 1, 5),
(6, 1, 6),
(7, 1, 7);

-- --------------------------------------------------------

--
-- Table structure for table `question`
--

CREATE TABLE IF NOT EXISTS `question` (
  `id` int(11) NOT NULL AUTO_INCREMENT,
  `question` varchar(50) COLLATE utf8_unicode_ci NOT NULL,
  PRIMARY KEY (`id`),
  UNIQUE KEY `UNIQ_B6F7494EB6F7494E` (`question`)
) ENGINE=InnoDB  DEFAULT CHARSET=utf8 COLLATE=utf8_unicode_ci AUTO_INCREMENT=5 ;

--
-- Dumping data for table `question`
--

INSERT INTO `question` (`id`, `question`) VALUES
(3, 'In what city did your father born?'),
(2, 'In what city did your mother born?'),
(4, 'In what city or town was your first job?'),
(1, 'What was your childhood phone number?');

-- --------------------------------------------------------

--
-- Table structure for table `resource`
--

CREATE TABLE IF NOT EXISTS `resource` (
  `id` int(11) NOT NULL AUTO_INCREMENT,
  `name` varchar(100) COLLATE utf8_unicode_ci NOT NULL,
  PRIMARY KEY (`id`)
) ENGINE=InnoDB  DEFAULT CHARSET=utf8 COLLATE=utf8_unicode_ci AUTO_INCREMENT=16 ;

--
-- Dumping data for table `resource`
--

INSERT INTO `resource` (`id`, `name`) VALUES
(1, 'all'),
(2, 'Public Resource'),
(3, 'Private Resource'),
(4, 'Admin Resource'),
(5, 'Application\\Controller\\Index'),
(6, 'CsnUser\\Controller\\Index'),
(7, 'CsnUser\\Controller\\Registration'),
(8, 'CsnCms\\Controller\\Index'),
(9, 'CsnCms\\Controller\\Article'),
(10, 'CsnCms\\Controller\\Translation'),
(11, 'CsnCms\\Controller\\Comment'),
(12, 'CsnCms\\Controller\\Category'),
(13, 'CsnFileManager\\Controller\\Index'),
(14, 'Zend'),
(15, 'Application\\Controller\\Index');

-- --------------------------------------------------------

--
-- Table structure for table `role`
--

CREATE TABLE IF NOT EXISTS `role` (
  `id` int(11) NOT NULL,
  `name` varchar(15) COLLATE utf8_unicode_ci NOT NULL,
  PRIMARY KEY (`id`)
) ENGINE=InnoDB DEFAULT CHARSET=utf8 COLLATE=utf8_unicode_ci;

--
-- Dumping data for table `role`
--

INSERT INTO `role` (`id`, `name`) VALUES
(1, 'guest'),
(2, 'volunteer'),
(3, 'admin'),
(4, 'project manager'),
(5, 'coordinator');

-- --------------------------------------------------------

--
-- Table structure for table `roles_parents`
--

CREATE TABLE IF NOT EXISTS `roles_parents` (
  `role_id` int(11) NOT NULL,
  `parent_id` int(11) NOT NULL,
  PRIMARY KEY (`role_id`,`parent_id`),
  KEY `IDX_C70E6B91D60322AC` (`role_id`),
  KEY `IDX_C70E6B91727ACA70` (`parent_id`)
) ENGINE=InnoDB DEFAULT CHARSET=utf8 COLLATE=utf8_unicode_ci;

--
-- Dumping data for table `roles_parents`
--

INSERT INTO `roles_parents` (`role_id`, `parent_id`) VALUES
(2, 1),
(3, 2);

-- --------------------------------------------------------

--
-- Table structure for table `state`
--

CREATE TABLE IF NOT EXISTS `state` (
  `id` int(11) NOT NULL AUTO_INCREMENT,
  `state` varchar(50) COLLATE utf8_unicode_ci NOT NULL,
  PRIMARY KEY (`id`),
  UNIQUE KEY `UNIQ_A393D2FBA393D2FB` (`state`)
) ENGINE=InnoDB  DEFAULT CHARSET=utf8 COLLATE=utf8_unicode_ci AUTO_INCREMENT=3 ;

--
-- Dumping data for table `state`
--

INSERT INTO `state` (`id`, `state`) VALUES
(1, 'Disabled'),
(2, 'Enabled');

-- --------------------------------------------------------

--
-- Table structure for table `tag`
--

CREATE TABLE IF NOT EXISTS `tag` (
  `id` int(11) unsigned NOT NULL AUTO_INCREMENT,
  `tag` varchar(50) NOT NULL,
  PRIMARY KEY (`id`),
  KEY `tag` (`tag`)
) ENGINE=InnoDB  DEFAULT CHARSET=utf8 AUTO_INCREMENT=11 ;

--
-- Dumping data for table `tag`
--

INSERT INTO `tag` (`id`, `tag`) VALUES
(10, 'administration'),
(8, 'apache'),
(7, 'mysql'),
(9, 'nginx'),
(6, 'php'),
(3, 'pr-тексти'),
(5, 'ведення груп в соц.мережах'),
(4, 'Комерційна пропозиція'),
(1, 'копірайтинг'),
(2, 'одностранічнікі');

-- --------------------------------------------------------

--
-- Table structure for table `user`
--

CREATE TABLE IF NOT EXISTS `user` (
  `id` int(11) NOT NULL AUTO_INCREMENT,
  `role_id` int(11) NOT NULL,
  `language_id` int(11) NOT NULL,
  `state_id` int(11) NOT NULL,
  `question_id` int(11) NOT NULL,
  `username` varchar(30) COLLATE utf8_unicode_ci NOT NULL,
  `first_name` varchar(40) COLLATE utf8_unicode_ci DEFAULT NULL,
  `last_name` varchar(40) COLLATE utf8_unicode_ci DEFAULT NULL,
  `email` varchar(60) COLLATE utf8_unicode_ci NOT NULL,
  `password` varchar(60) COLLATE utf8_unicode_ci NOT NULL,
  `answer` varchar(100) COLLATE utf8_unicode_ci NOT NULL,
  `picture` varchar(255) COLLATE utf8_unicode_ci DEFAULT NULL,
  `registration_date` datetime DEFAULT NULL,
  `registration_token` varchar(32) COLLATE utf8_unicode_ci DEFAULT NULL,
  `email_confirmed` tinyint(1) NOT NULL,
  `location` varchar(255) CHARACTER SET utf8 NOT NULL DEFAULT 'Ukraine',
  `resume` varchar(255) CHARACTER SET utf8 NOT NULL DEFAULT '',
  `qualification` varchar(100) COLLATE utf8_unicode_ci NOT NULL DEFAULT '',
  `employment_id` int(11) NOT NULL DEFAULT '1',
  `private_info_id` int(10) unsigned DEFAULT NULL,
  `contact_info_id` int(10) unsigned DEFAULT NULL,
  PRIMARY KEY (`id`),
  UNIQUE KEY `UNIQ_8D93D649F85E0677` (`username`),
  UNIQUE KEY `UNIQ_8D93D649E7927C74` (`email`),
  KEY `IDX_8D93D649D60322AC` (`role_id`),
  KEY `IDX_8D93D64982F1BAF4` (`language_id`),
  KEY `IDX_8D93D6495D83CC1` (`state_id`),
  KEY `IDX_8D93D6491E27F6BF` (`question_id`),
  KEY `search_idx` (`username`,`first_name`,`last_name`,`email`),
  KEY `location` (`location`),
  KEY `resume` (`resume`),
  KEY `qualification` (`qualification`),
  KEY `employment_id` (`employment_id`),
  KEY `private_info_id` (`private_info_id`),
  KEY `contact_info_id` (`contact_info_id`)
) ENGINE=InnoDB  DEFAULT CHARSET=utf8 COLLATE=utf8_unicode_ci AUTO_INCREMENT=4 ;

--
-- Dumping data for table `user`
--

INSERT INTO `user` (`id`, `role_id`, `language_id`, `state_id`, `question_id`, `username`, `first_name`, `last_name`, `email`, `password`, `answer`, `picture`, `registration_date`, `registration_token`, `email_confirmed`, `location`, `resume`, `qualification`, `employment_id`, `private_info_id`, `contact_info_id`) VALUES
(1, 3, 1, 2, 2, 'admin', 'test1', 'test1', 'imychkova@gmail.com', '$2y$10$PhIWP8ZCNEmZZK1aXbxSpe3t/PV8/Rd1FeoMycTTL.cykGMd.8Ndu', 'testtest', NULL, '2014-05-13 15:34:36', 'e2393ea89c92e8f4b9e61927425aeaa7', 1, 'Ukraine2', '', 'копірайтор', 2, 1, 1),
(2, 2, 1, 2, 3, 'tester', 'tester', 'mice', 'mice@devoffice.com', '$2y$10$2ei/cvXyHHkAEA5s0q3THuO6Kq.xnx8Y9sFKtIvOZkgr4YNEGmBRO', 'testtest', NULL, '2014-05-13 15:38:09', '92bd40079b63f35f4da18613862fbe6b', 1, 'Ukraine', '', '', 1, NULL, 2),
(3, 3, 1, 2, 3, 'admin1', 'test', 'test', 'mice-1@mice.devoffice.com', '$2y$10$KaV3ahP.V/I3vEnQ0mWT8O7YkBbv7dsnbJMZxiPDUj10Ao.gk9cNW', 'testtest', NULL, '2014-05-13 19:06:44', 'bb33af45f693110cbc2abe696d81c1ea', 1, 'Ukraine', '', '', 1, NULL, NULL);

-- --------------------------------------------------------

--
-- Table structure for table `user_info_contact`
--

CREATE TABLE IF NOT EXISTS `user_info_contact` (
  `id` int(10) unsigned NOT NULL AUTO_INCREMENT,
  `email` varchar(60) DEFAULT NULL,
  `skype` varchar(60) DEFAULT NULL,
  `phone` varchar(20) DEFAULT NULL,
  `facebook_url` varchar(150) DEFAULT NULL,
  `twitter_url` varchar(150) DEFAULT NULL,
  `linkedin_url` varchar(150) DEFAULT NULL,
  PRIMARY KEY (`id`),
  KEY `email` (`email`,`skype`,`phone`)
) ENGINE=InnoDB  DEFAULT CHARSET=utf8 AUTO_INCREMENT=3 ;

--
-- Dumping data for table `user_info_contact`
--

INSERT INTO `user_info_contact` (`id`, `email`, `skype`, `phone`, `facebook_url`, `twitter_url`, `linkedin_url`) VALUES
(1, 'mice-1@mice.devoffice.com', 'pyatachok0803', '123456789', NULL, NULL, NULL),
(2, 'mice-1@mice.devoffice.com', 'pyatachok0803', '123456789', 'http://www.facebook.com/irina.pyatachok', NULL, NULL);

-- --------------------------------------------------------

--
-- Table structure for table `user_info_private`
--

CREATE TABLE IF NOT EXISTS `user_info_private` (
  `id` int(11) unsigned NOT NULL AUTO_INCREMENT,
  `birthDay` date NOT NULL,
  `location` varchar(40) NOT NULL DEFAULT 'Ukraine, Kyiv',
  `resume` varchar(255) NOT NULL,
  PRIMARY KEY (`id`),
  KEY `location` (`location`)
) ENGINE=InnoDB  DEFAULT CHARSET=utf8 AUTO_INCREMENT=2 ;

--
-- Dumping data for table `user_info_private`
--

INSERT INTO `user_info_private` (`id`, `birthDay`, `location`, `resume`) VALUES
(1, '1987-03-08', 'Ukraine, Kyiv', '<p> Работаю со словом с 2007 года. Начинал с городских печатных СМИ, затем ушл в «вольное плавание». За плечами дюжина тренингов, десятки довольных заказчиков, сотни текстов…	</p> <p>Я люблю писать. Люблю учиться. Люблю цифры и факты. </p>');

-- --------------------------------------------------------

--
-- Table structure for table `user_project_tag`
--

CREATE TABLE IF NOT EXISTS `user_project_tag` (
  `id` int(10) unsigned NOT NULL AUTO_INCREMENT,
  `user_id` int(10) unsigned NOT NULL,
  `project_id` int(10) unsigned NOT NULL,
  `tag_id` int(10) unsigned NOT NULL,
  PRIMARY KEY (`id`),
  UNIQUE KEY `user_id` (`user_id`,`project_id`,`tag_id`),
  KEY `project_id` (`project_id`)
) ENGINE=InnoDB  DEFAULT CHARSET=utf8 AUTO_INCREMENT=6 ;

--
-- Dumping data for table `user_project_tag`
--

INSERT INTO `user_project_tag` (`id`, `user_id`, `project_id`, `tag_id`) VALUES
(4, 1, 1, 1),
(3, 1, 1, 2),
(5, 1, 1, 5);

-- --------------------------------------------------------

--
-- Table structure for table `user_tag`
--

CREATE TABLE IF NOT EXISTS `user_tag` (
  `id` int(10) unsigned NOT NULL AUTO_INCREMENT,
  `user_id` int(10) unsigned NOT NULL,
  `tag_id` int(10) unsigned NOT NULL,
  PRIMARY KEY (`id`),
  UNIQUE KEY `user_id_2` (`user_id`,`tag_id`),
  KEY `user_id` (`user_id`),
  KEY `tag_id` (`tag_id`)
) ENGINE=InnoDB  DEFAULT CHARSET=utf8 AUTO_INCREMENT=3 ;

--
-- Dumping data for table `user_tag`
--

INSERT INTO `user_tag` (`id`, `user_id`, `tag_id`) VALUES
(1, 1, 5),
(2, 1, 6);

-- --------------------------------------------------------

--
-- Table structure for table `vote`
--

CREATE TABLE IF NOT EXISTS `vote` (
  `id` int(11) NOT NULL AUTO_INCREMENT,
  `likes_count` int(11) NOT NULL,
  `dislikes_count` int(11) NOT NULL,
  PRIMARY KEY (`id`)
) ENGINE=InnoDB DEFAULT CHARSET=utf8 COLLATE=utf8_unicode_ci AUTO_INCREMENT=1 ;

--
-- Dumping data for table `vote`
--


-- --------------------------------------------------------

--
-- Table structure for table `votes_users`
--

CREATE TABLE IF NOT EXISTS `votes_users` (
  `vote_id` int(11) NOT NULL,
  `user_id` int(11) NOT NULL,
  PRIMARY KEY (`vote_id`,`user_id`),
  KEY `IDX_9A4168C772DCDAFC` (`vote_id`),
  KEY `IDX_9A4168C7A76ED395` (`user_id`)
) ENGINE=InnoDB DEFAULT CHARSET=utf8 COLLATE=utf8_unicode_ci;

--
-- Dumping data for table `votes_users`
--


-- --------------------------------------------------------

--
-- Table structure for table `yas_lesson_order`
--

CREATE TABLE IF NOT EXISTS `yas_lesson_order` (
  `id` int(11) NOT NULL AUTO_INCREMENT,
  `teacher_id` int(11) NOT NULL,
  `customer_name` varchar(255) NOT NULL,
  `customer_email` varchar(255) NOT NULL,
  `order_description` varchar(255) NOT NULL,
  `created` datetime NOT NULL,
  `state_id` int(11) NOT NULL,
  PRIMARY KEY (`id`)
) ENGINE=InnoDB  DEFAULT CHARSET=utf8 AUTO_INCREMENT=18 ;

--
-- Dumping data for table `yas_lesson_order`
--

INSERT INTO `yas_lesson_order` (`id`, `teacher_id`, `customer_name`, `customer_email`, `order_description`, `created`, `state_id`) VALUES
(2, 1, 'Irina Mychkova', 'imychkova@gmail.com', 'First Order', '2013-12-10 12:13:18', 1),
(4, 1, 'Irina Mychkova', 'imychkova@gmail.com', 'S O', '2013-12-10 12:16:17', 1),
(5, 1, 'Irina Mychkova', 'imychkova@gmail.com', 'Third Order', '2013-12-10 12:21:19', 1),
(6, 1, 'Irina Mychkova', 'imychkova@gmail.com', 'F', '2013-12-10 12:26:25', 1),
(7, 1, 'name', 'email', 'ggggg', '2013-12-10 12:32:52', 1),
(8, 1, 'Irina Mychkova', 'imychkova@gmail.com', 'First SMTP message', '2013-12-14 08:35:03', 1),
(9, 1, 'Irina Mychkova', 'imychkova@gmail.com', 'f', '2013-12-14 08:58:40', 1),
(10, 1, 'Irina Mychkova', 'imychkova@gmail.com', 'f', '2013-12-14 09:00:18', 1),
(11, 1, 'name', 'imychkova@gmail.com', 'eeee', '2013-12-14 09:03:06', 1),
(12, 1, 'Irina Mychkova', 'imychkova@gmail.com', 'ddddd', '2013-12-14 09:06:00', 1),
(13, 1, 'Irina Mychkova', 'imychkova@gmail.com', 'Добрый день, я хочу заказать несколько уроков.', '2013-12-14 09:09:44', 1),
(14, 1, 'Irina Mychkova', 'imychkova@gmail.com', 'Хочу заказать урок', '2013-12-14 09:12:11', 1),
(15, 1, 'name', 'imychkova@gmail.com', 'добрый день, мне понравился ваш сайт, я хочу заказать урок', '2013-12-14 09:13:33', 1),
(16, 1, 'Ирина ', 'imychkova@gmail.com', 'Форма вакансий', '2013-12-22 10:49:27', 1),
(17, 1, 'Ирина ', 'imychkova@gmail.com', 'Форма вакансий', '2013-12-22 10:55:27', 1);

-- --------------------------------------------------------

--
-- Table structure for table `yas_order_state`
--

CREATE TABLE IF NOT EXISTS `yas_order_state` (
  `id` int(10) unsigned NOT NULL AUTO_INCREMENT,
  `name` varchar(1024) NOT NULL,
  PRIMARY KEY (`id`),
  KEY `name` (`name`(255))
) ENGINE=InnoDB  DEFAULT CHARSET=utf8 AUTO_INCREMENT=5 ;

--
-- Dumping data for table `yas_order_state`
--

INSERT INTO `yas_order_state` (`id`, `name`) VALUES
(1, 'new'),
(2, 'closed'),
(3, 'in progress'),
(4, 'rejected');

-- --------------------------------------------------------

--
-- Table structure for table `yas_review`
--

CREATE TABLE IF NOT EXISTS `yas_review` (
  `id` int(11) NOT NULL AUTO_INCREMENT,
  `reviewer` varchar(255) NOT NULL,
  `review_content` varchar(255) NOT NULL,
  `review_date` datetime NOT NULL,
  `moderated` int(11) NOT NULL,
  PRIMARY KEY (`id`)
) ENGINE=InnoDB  DEFAULT CHARSET=utf8 AUTO_INCREMENT=3 ;

--
-- Dumping data for table `yas_review`
--

INSERT INTO `yas_review` (`id`, `reviewer`, `review_content`, `review_date`, `moderated`) VALUES
(1, 'T. Luba', 'I am satisfied.', '2013-12-05 16:54:33', 1),
(2, 'T. Luba', 'I am not satisfied.', '2013-12-07 16:54:33', 0);

-- --------------------------------------------------------

--
-- Table structure for table `yas_teacher`
--

CREATE TABLE IF NOT EXISTS `yas_teacher` (
  `id` int(11) NOT NULL AUTO_INCREMENT,
  `name` varchar(255) NOT NULL,
  `description` varchar(255) NOT NULL,
  `imageUrl` varchar(255) NOT NULL,
  `urlName` varchar(255) NOT NULL,
  PRIMARY KEY (`id`)
) ENGINE=InnoDB  DEFAULT CHARSET=utf8 AUTO_INCREMENT=3 ;

--
-- Dumping data for table `yas_teacher`
--

INSERT INTO `yas_teacher` (`id`, `name`, `description`, `imageUrl`, `urlName`) VALUES
(1, 'Ярослава Солтивская', 'Преподаватель ВНЗ с 5-летним стажем. Учитель немецкого языка', 'img/yas/Soltivska_Foto.jpg', 'yaroslava-soltivskaja'),
(2, 'Зоя Новикова', 'Преподаватель ВНЗ с 50-летним стажем', '', 'zoja-novikova');

--
-- Constraints for dumped tables
--

--
-- Constraints for table `article`
--
ALTER TABLE `article`
  ADD CONSTRAINT `FK_23A0E66727ACA70` FOREIGN KEY (`parent_id`) REFERENCES `article` (`id`),
  ADD CONSTRAINT `FK_23A0E6672DCDAFC` FOREIGN KEY (`vote_id`) REFERENCES `vote` (`id`),
  ADD CONSTRAINT `FK_23A0E6682F1BAF4` FOREIGN KEY (`language_id`) REFERENCES `language` (`id`),
  ADD CONSTRAINT `FK_23A0E6689329D25` FOREIGN KEY (`resource_id`) REFERENCES `resource` (`id`),
  ADD CONSTRAINT `FK_23A0E66A76ED395` FOREIGN KEY (`user_id`) REFERENCES `user` (`id`);

--
-- Constraints for table `articles_categories`
--
ALTER TABLE `articles_categories`
  ADD CONSTRAINT `FK_DE004A0E12469DE2` FOREIGN KEY (`category_id`) REFERENCES `category` (`id`),
  ADD CONSTRAINT `FK_DE004A0E7294869C` FOREIGN KEY (`article_id`) REFERENCES `article` (`id`);

--
-- Constraints for table `category`
--
ALTER TABLE `category`
  ADD CONSTRAINT `FK_64C19C1A76ED395` FOREIGN KEY (`user_id`) REFERENCES `user` (`id`);

--
-- Constraints for table `comment`
--
ALTER TABLE `comment`
  ADD CONSTRAINT `FK_9474526C7294869C` FOREIGN KEY (`article_id`) REFERENCES `article` (`id`),
  ADD CONSTRAINT `FK_9474526C82F1BAF4` FOREIGN KEY (`language_id`) REFERENCES `language` (`id`),
  ADD CONSTRAINT `FK_9474526CA76ED395` FOREIGN KEY (`user_id`) REFERENCES `user` (`id`);

--
-- Constraints for table `friends`
--
ALTER TABLE `friends`
  ADD CONSTRAINT `FK_21EE70696A5458E8` FOREIGN KEY (`friend_id`) REFERENCES `user` (`id`),
  ADD CONSTRAINT `FK_21EE7069A76ED395` FOREIGN KEY (`user_id`) REFERENCES `user` (`id`);

--
-- Constraints for table `privilege`
--
ALTER TABLE `privilege`
  ADD CONSTRAINT `FK_87209A8789329D25` FOREIGN KEY (`resource_id`) REFERENCES `resource` (`id`),
  ADD CONSTRAINT `FK_87209A87D60322AC` FOREIGN KEY (`role_id`) REFERENCES `role` (`id`);

--
-- Constraints for table `roles_parents`
--
ALTER TABLE `roles_parents`
  ADD CONSTRAINT `FK_C70E6B91727ACA70` FOREIGN KEY (`parent_id`) REFERENCES `role` (`id`),
  ADD CONSTRAINT `FK_C70E6B91D60322AC` FOREIGN KEY (`role_id`) REFERENCES `role` (`id`);

--
-- Constraints for table `user`
--
ALTER TABLE `user`
  ADD CONSTRAINT `FK_8D93D6491E27F6BF` FOREIGN KEY (`question_id`) REFERENCES `question` (`id`),
  ADD CONSTRAINT `FK_8D93D6495D83CC1` FOREIGN KEY (`state_id`) REFERENCES `state` (`id`),
  ADD CONSTRAINT `FK_8D93D64982F1BAF4` FOREIGN KEY (`language_id`) REFERENCES `language` (`id`),
  ADD CONSTRAINT `FK_8D93D649D60322AC` FOREIGN KEY (`role_id`) REFERENCES `role` (`id`);

--
-- Constraints for table `votes_users`
--
ALTER TABLE `votes_users`
  ADD CONSTRAINT `FK_9A4168C772DCDAFC` FOREIGN KEY (`vote_id`) REFERENCES `vote` (`id`),
  ADD CONSTRAINT `FK_9A4168C7A76ED395` FOREIGN KEY (`user_id`) REFERENCES `user` (`id`);
